{
    "Accuracy": 0.453125,
    "Precision": 0.4282226802855033,
    "Recall": 0.453125
}